test_loss,test_acc,test_f1,test_precision,test_recall,test_mcc
0.2974964380264282,0.8994327187538147,0.0,0.0,0.0,0.41456133127212524
