test_loss,test_acc,test_f1,test_precision,test_roc_auc,test_pr_auc
0.30578574538230896,0.8994327187538147,0.0,0.0,0.673737108707428,
